ds,y
0,2925
1,3894
2,5635
3,9372
4,8380
5,6994
6,6903
7,6087
8,3979
9,4487
10,7782
11,7067
12,6950
13,5916
14,5924
15,3217
16,2999
17,4119
18,6197
19,6076
20,6548
21,5991
22,3428
23,2920
24,8156
25,6798
26,6638
27,6920
28,8548
29,6557
30,4710
31,7991
32,7098
33,6358
34,6114
35,5930
36,3712
37,3699
38,7153
39,6409
40,4220
41,6276
42,7318
43,4360
44,3221
45,4293
46,6200
47,7615
48,6858
49,6405
50,3802
51,3271
52,6923
53,6969
54,7291
55,6446
56,4800
57,4495
58,4262
59,7669
60,7149
61,7512
62,6929
63,6307
64,3775
65,3280
66,6717
67,6766
68,6589
69,6486
70,6155
71,5498
72,6302
73,10064
74,7736
75,7144
76,6810
77,6851
78,3886
79,3486
80,6912
81,7258
82,6794
83,6403
84,6549
85,4076
86,3472
87,7197
88,9648
89,7219
90,6214
91,5060
92,3150
93,2767
94,6611
95,6772
96,6504
97,6506
98,6504
99,3704
100,2963
101,6759
102,6186
103,6296
104,6398
105,6029
106,3413
107,3093
108,6839
109,6004
110,6274
111,5722
112,5542
113,3458
114,2895
115,6654
116,6257
117,6888
118,6018
119,5374
120,3272
121,3222
122,7467
123,6221
124,6290
125,6177
126,5547
127,3906
128,3579
129,7474
130,6803
131,6415
132,5569
133,5639
134,3214
135,2939
136,6576
137,5622
138,6122
139,5691
140,5597
141,3629
142,2930
143,5989
144,5834
145,5959
146,6396
147,5138
148,3066
149,2633
150,3123
151,5989
152,5956
153,5705
154,5583
155,3198
156,3084
157,6554
158,5867
159,5136
160,5741
161,5001
162,3026
163,2668
164,6553
165,6433
166,6091
167,5689
168,5209
169,3252
170,2956
171,6754
172,6484
173,6275
174,6415
175,5958
176,3381
177,3170
178,7266
179,6594
180,5852
181,5563
182,4997
183,2971
184,2262
185,3890
186,7529
187,8008
188,7093
189,5837
190,3367
191,2954
192,6670
193,6708
194,5820
195,6120
196,5805
197,3802
198,3080
199,6716
200,6654
201,6582
202,5723
203,5371
204,3724
205,3335
206,6618
207,6319
208,6501
209,5528
210,5164
211,2903
212,2559
213,6616
214,6341
215,6237
216,6116
217,5518
218,3172
219,2626
220,6214
221,6305
222,5939
223,5498
224,5348
225,3063
226,2521
227,5904
228,6088
229,5589
230,5786
231,5157
232,3191
233,2661
234,6476
235,6007
236,5869
237,5574
238,5510
239,3303
240,2946
241,6163
242,5580
243,6233
244,5732
245,5624
246,3290
247,2707
248,2860
249,6284
250,5896
251,5510
252,5430
253,2975
254,2695
255,6189
256,6019
257,5936
258,7345
259,8637
260,4401
261,3438
262,6833
263,6487
264,6135
265,6009
266,5915
267,3529
268,3270
269,6465
270,6504
271,6262
272,6627
273,7117
274,3684
275,3222
276,7049
277,6315
278,6309
279,6084
280,5803
281,3211
282,3030
283,3926
284,6755
285,6435
286,6381
287,6462
288,4763
289,3466
290,7095
291,7288
292,7253
293,6999
294,6996
295,4498
296,2998
297,6149
298,6065
299,5640
300,5586
301,5661
302,4393
303,3915
304,7736
305,7482
306,7288
307,7306
308,7372
309,4776
310,4382
311,8713
312,8597
313,8239
314,5190
315,6173
316,4015
317,3098
318,6507
319,6443
320,6719
321,6531
322,6540
323,4070
324,3761
325,5999
326,5477
327,5909
328,2677
329,4217
330,4549
331,3659
332,7165
333,6688
334,7635
335,7137
336,6772
337,4713
338,4346
339,8800
340,8550
341,7915
342,7740
343,6973
344,4107
345,3256
346,7424
347,8765
348,8642
349,7933
350,6802
351,4235
352,3436
353,6960
354,6983
355,6317
356,5687
357,3176
358,2523
359,3021
360,3174
361,5154
362,6159
363,5731
364,4215
365,2953
366,3127
367,7148
368,6655
369,6709
370,6336
371,5394
372,4053
373,3474
374,7415
375,6478
376,6050
377,7118
378,6714
379,3878
380,3183
381,4834
382,7421
383,6923
384,6452
385,5893
386,5359
387,4432
388,9289
389,8207
390,6142
391,4782
392,6716
393,4510
394,3684
395,7131
396,6426
397,6934
398,7470
399,6725
400,3913
401,3396
402,6930
403,7940
404,8183
405,7236
406,6257
407,4016
408,3150
409,6532
410,7339
411,6921
412,6663
413,6422
414,4446
415,3916
416,4170
417,7236
418,6880
419,5928
420,6398
421,3712
422,3189
423,6502
424,6942
425,6927
426,7222
427,6094
428,3743
429,3275
430,7140
431,6883
432,6980
433,6790
434,6845
435,3673
436,2941
437,6610
438,7154
439,6360
440,6038
441,5690
442,3703
443,3092
444,6479
445,6746
446,6238
447,6194
448,5836
449,3953
450,3552
451,6748
452,6279
453,6251
454,5593
455,5915
456,3383
457,2893
458,5799
459,5553
460,5786
461,6549
462,5792
463,3197
464,2750
465,5970
466,5873
467,6078
468,5900
469,5510
470,3770
471,2867
472,6048
473,6253
474,6016
475,5676
476,4908
477,3359
478,2254
479,6336
480,5832
481,6092
482,6043
483,5256
484,3313
485,2659
486,5809
487,6088
488,5910
489,5826
490,5254
491,2986
492,2359
493,5759
494,5780
495,6119
496,5730
497,5336
498,3006
499,2443
500,5666
501,6437
502,6106
503,5994
504,5680
505,3534
506,2471
507,5588
508,6193
509,5647
510,5762
511,5394
512,3079
513,2322
514,3277
515,6940
516,5875
517,6033
518,5498
519,3300
520,2504
521,5982
522,6242
523,6505
524,6505
525,5852
526,3203
527,2543
528,6004
529,6017
530,5869
531,5822
532,5449
533,3529
534,2763
535,6132
536,6363
537,5847
538,5816
539,5285
540,3409
541,2495
542,6240
543,6523
544,5921
545,5726
546,5150
547,2975
548,2112
549,2790
550,6542
551,6437
552,6255
553,5424
554,3101
555,2820
556,6305
557,6669
558,6172
559,6243
560,5543
561,3151
562,2655
563,6006
564,6555
565,6468
566,6558
567,7113
568,4414
569,3402
570,6048
571,6017
572,5758
573,5815
574,5700
575,3363
576,2813
577,6002
578,6333
579,5136
580,5603
581,5476
582,3150
583,2605
584,5693
585,6056
586,5683
587,5800
588,5428
589,3324
590,3493
591,7210
592,7008
593,6095
594,5860
595,5781
596,3419
597,2809
598,6311
599,5628
600,6179
601,6215
602,3331
603,1725
604,5673
605,9266
606,8576
607,6632
608,6315
609,5776
610,3593
611,2968
612,3588
613,6827
614,6387
615,7304
616,6474
617,3316
618,3031
619,6553
620,6634
621,6462
622,6420
623,6307
624,3978
625,2962
626,5883
627,6314
628,6174
629,6211
630,6719
631,2725
632,3149
633,6686
634,6706
635,5968
636,6092
637,5169
638,3155
639,2604
640,6315
641,6378
642,5967
643,6242
644,5748
645,3506
646,2689
647,3841
648,5965
649,5542
650,5508
651,5956
652,3402
653,2810
654,6138
655,6448
656,6279
657,5764
658,6562
659,4239
660,3578
661,7051
662,7128
663,6867
664,7389
665,8658
666,6694
667,5640
668,8755
669,8380
670,7405
671,6564
672,6809
673,4382
674,3533
675,6081
676,5170
677,5724
678,5424
679,5189
680,4277
681,3346
682,6431
683,5765
684,6003
685,6735
686,6995
687,4368
688,3114
689,6767
690,6528
691,5670
692,2864
693,4258
694,3207
695,2844
696,5705
697,5473
698,6699
699,6929
700,6212
701,4369
702,3077
703,6205
704,6041
705,6053
706,7436
707,6350
708,4136
709,4141
710,7179
711,6581
712,5805
713,5809
714,5474
715,3911
716,4264
717,6830
718,5819
719,5162
720,4972
721,4256
722,3047
723,2291
724,3404
725,5601
726,6309
727,7028
728,4599
729,2577
730,2425
731,3734
732,7832
733,9839
734,7157
735,5959
736,3158
737,2994
738,6468
739,5972
740,5638
741,5630
742,5930
743,4475
744,4472
745,5814
746,6374
747,6486
748,6809
749,5954
750,4318
751,4076
752,6152
753,5691
754,5535
755,5421
756,5343
757,3509
758,3171
759,5848
760,5600
761,5451
762,5898
763,5351
764,3349
765,2952
766,5457
767,5569
768,6153
769,5353
770,4952
771,3433
772,3726
773,6110
774,5046
775,5210
776,5046
777,4844
778,2882
779,2832
780,3507
781,5565
782,5079
783,5043
784,4910
785,3436
786,3258
787,5252
788,5145
789,5156
790,5335
791,4856
792,2984
793,3001
794,6053
795,5962
796,5383
797,5165
798,5032
799,3300
800,2767
801,5299
802,5347
803,5690
804,5425
805,4799
806,3137
807,2854
808,5314
809,5220
810,5662
811,5250
812,4935
813,3024
814,3021
815,6185
816,6044
817,5197
818,5464
819,4744
820,3360
821,2991
822,5347
823,5323
824,4888
825,4704
826,4023
827,2889
828,2385
829,5362
830,4990
831,4938
832,4787
833,4469
834,2948
835,2846
836,5739
837,5219
838,5216
839,5073
840,4650
841,3009
842,2723
843,5869
844,5860
845,5541
846,5336
847,5080
848,3463
849,2499
850,5272
851,5329
852,5066
853,4896
854,5061
855,2688
856,2730
857,5297
858,5100
859,5377
860,4921
861,4801
862,2979
863,2744
864,5344
865,4762
866,5564
867,5008
868,5133
869,3177
870,2923
871,5668
872,5629
873,5760
874,5171
875,4941
876,2978
877,2892
878,3655
879,6448
880,6096
881,5846
882,5265
883,3267
884,2787
885,5552
886,5421
887,5347
888,5106
889,5038
890,3466
891,2833
892,5692
893,5031
894,5923
895,5502
896,5114
897,3562
898,3195
899,6067
900,5854
901,5940
902,6868
903,5982
904,4039
905,3236
906,5962
907,5625
908,5469
909,5945
910,5660
911,4334
912,3659
913,6441
914,5881
915,3187
916,6309
917,5645
918,4133
919,3483
920,6165
921,5961
922,5840
923,5632
924,5273
925,3289
926,2874
927,5809
928,5792
929,6006
930,5734
931,4612
932,3303
933,3065
934,5266
935,5674
936,5408
937,5635
938,5406
939,3325
940,3048
941,5710
942,5427
943,5354
944,5418
945,5195
946,3104
947,2921
948,5887
949,5830
950,5512
951,5114
952,5138
953,3142
954,3039
955,5716
956,5627
957,6004
958,5341
959,5105
960,3664
961,3211
962,5350
963,5571
964,5256
965,5078
966,4995
967,3652
968,3101
969,5327
970,5075
971,5438
972,5321
973,4309
974,3318
975,3111
976,3099
977,5373
978,5233
979,5415
980,4903
981,4146
982,3167
983,6121
984,5638
985,5446
986,5315
987,4877
988,3615
989,3195
990,5121
991,5990
992,5727
993,5063
994,5257
995,3484
996,3059
997,5475
998,5601
999,4941
1000,5482
1001,5579
1002,3378
1003,3056
1004,5204
1005,5046
1006,5597
1007,5416
1008,5029
1009,3222
1010,2857
1011,4293
1012,5565
1013,5594
1014,6089
1015,6462
1016,4784
1017,3034
1018,5841
1019,5635
1020,6041
1021,5237
1022,4602
1023,3407
1024,3005
1025,5422
1026,5329
1027,5346
1028,5247
1029,5041
1030,3766
1031,2229
1032,6190
1033,6141
1034,7017
1035,6130
1036,7222
1037,5275
1038,4227
1039,7274
1040,6903
1041,8584
1042,9387
1043,6420
1044,4204
1045,3360
1046,4757
1047,6110
1048,6304
1049,6324
1050,5796
1051,3939
1052,3908
1053,6914
1054,6058
1055,4656
1056,2565
1057,4080
1058,4163
1059,4054
1060,6774
1061,6868
1062,6558
1063,6469
1064,5705
1065,4595
1066,3125
1067,5788
1068,5571
1069,5865
1070,6283
1071,5631
1072,3560
1073,3354
1074,5702
1075,5764
1076,5965
1077,5778
1078,5225
1079,3712
1080,3329
1081,5824
1082,5481
1083,5752
1084,5426
1085,5855
1086,4322
1087,3320
1088,3956
1089,2498
1090,6260
1091,7573
1092,5934
1093,3890
1094,4096
1095,5025
1096,3343
1097,7055
1098,6683
1099,6063
1100,4067
1101,3392
1102,6080
1103,6251
1104,5824
1105,5708
1106,5336
1107,3527
1108,3080
1109,5378
1110,5809
1111,5609
1112,5177
1113,5961
1114,3789
1115,2584
1116,5122
1117,8094
1118,8297
1119,11698
1120,8145
1121,5506
1122,4685
1123,6885
1124,6243
1125,5945
1126,6945
1127,6563
1128,4720
1129,3898
1130,6417
1131,6491
1132,6100
1133,5999
1134,5259
1135,3693
1136,4127
1137,6213
1138,5803
1139,5901
1140,5445
1141,5137
1142,3552
1143,3708
1144,5350
1145,6240
1146,5749
1147,7179
1148,6009
1149,3809
1150,3519
1151,6089
1152,5644
1153,6612
1154,5592
1155,5038
1156,3592
1157,3408
1158,5975
1159,5995
1160,6533
1161,5865
1162,5085
1163,3571
1164,3147
1165,6076
1166,5892
1167,5756
1168,6069
1169,5423
1170,3632
1171,3359
1172,6381
1173,6373
1174,5836
1175,5385
1176,5642
1177,3765
1178,3139
1179,5406
1180,5458
1181,5577
1182,4965
1183,4455
1184,3185
1185,2758
1186,5661
1187,5868
1188,6048
1189,5698
1190,5363
1191,3465
1192,3159
1193,5803
1194,5598
1195,5538
1196,5292
1197,5537
1198,3619
1199,3219
1200,5429
1201,5689
1202,5427
1203,5192
1204,5007
1205,3380
1206,3581
1207,5715
1208,5920
1209,5266
1210,5387
1211,5150
1212,3831
1213,3335
1214,5455
1215,5315
1216,5362
1217,4879
1218,5354
1219,3591
1220,3267
1221,5740
1222,5369
1223,6391
1224,5500
1225,4467
1226,3848
1227,3494
1228,5918
1229,5512
1230,5324
1231,5379
1232,4985
1233,4057
1234,3122
1235,6070
1236,5629
1237,5695
1238,5268
1239,4340
1240,3389
1241,3401
1242,3608
1243,5656
1244,5919
1245,5872
1246,5426
1247,4077
1248,3549
1249,5491
1250,5766
1251,6043
1252,5524
1253,5346
1254,4390
1255,3979
1256,5639
1257,6249
1258,6106
1259,5740
1260,5572
1261,3973
1262,3770
1263,5944
1264,5947
1265,5720
1266,5570
1267,5393
1268,3894
1269,3528
1270,6025
1271,6006
1272,5692
1273,5687
1274,5535
1275,3611
1276,3137
1277,5723
1278,5700
1279,5568
1280,3192
1281,4670
1282,3390
1283,3400
1284,6122
1285,6274
1286,6004
1287,5475
1288,4983
1289,3284
1290,3425
1291,6161
1292,6399
1293,6451
1294,6299
1295,5999
1296,3829
1297,3728
1298,6127
1299,5823
1300,5655
1301,5352
1302,5398
1303,3490
1304,3095
1305,5956
1306,5511
1307,5567
1308,4856
1309,5072
1310,3315
1311,3238
1312,5880
1313,5922
1314,5282
1315,4976
1316,4704
1317,3245
1318,3122
1319,5381
1320,5600
1321,5391
1322,5313
1323,5163
1324,3790
1325,3412
1326,5368
1327,5451
1328,4929
1329,5009
1330,4926
1331,3606
1332,3282
1333,5102
1334,5116
1335,5220
1336,5184
1337,4469
1338,3163
1339,3077
1340,3123
1341,5696
1342,5210
1343,5219
1344,4711
1345,3728
1346,3449
1347,5233
1348,5305
1349,5374
1350,5342
1351,4783
1352,3136
1353,3263
1354,5316
1355,4991
1356,5815
1357,4884
1358,4443
1359,3742
1360,3091
1361,4734
1362,5692
1363,5221
1364,4975
1365,4687
1366,3495
1367,3205
1368,5055
1369,5272
1370,5342
1371,5334
1372,5280
1373,3227
1374,2866
1375,5512
1376,5592
1377,5522
1378,5106
1379,4626
1380,2901
1381,2589
1382,3715
1383,5241
1384,5433
1385,5092
1386,5009
1387,3420
1388,2979
1389,5748
1390,5446
1391,6680
1392,6929
1393,6703
1394,4211
1395,3437
1396,5678
1397,6229
1398,5533
1399,4984
1400,4890
1401,3525
1402,3890
1403,6317
1404,5710
1405,5350
1406,5240
1407,6062
1408,3620
1409,3398
1410,4440
1411,7020
1412,7105
1413,6210
1414,5272
1415,3995
1416,3008
1417,5642
1418,6676
1419,6057
1420,6214
1421,4409
1422,2497
1423,6055
1424,9450
1425,7162
1426,5681
1427,3181
1428,4460
1429,4209
1430,3262
1431,5255
1432,5698
1433,5566
1434,5461
1435,5212
1436,3904
1437,4459
1438,6334
1439,6235
1440,6509
1441,7346
1442,6489
1443,4352
1444,4477
1445,6759
1446,6230
1447,6029
1448,5558
1449,5052
1450,3406
1451,3256
1452,5219
1453,4298
1454,3163
1455,5696
1456,5006
1457,3273
1458,3344
1459,5656
1460,5033
1461,3829
1462,6068
1463,6278
1464,7393
1465,5598
1466,6882
1467,11210
1468,10923
1469,8620
1470,6655
1471,4399
1472,4588
1473,6397
1474,6717
1475,6556
1476,6500
1477,6308
1478,4060
1479,4327
1480,4673
1481,6686
1482,8606
1483,10020
1484,8984
1485,6452
1486,5462
1487,7729
1488,8300
1489,7765
1490,8086
1491,5966
1492,4639
1493,3552
1494,6051
1495,6839
1496,7062
1497,8783
1498,7635
1499,5603
1500,4704
1501,7237
1502,7731
1503,7210
1504,6284
1505,6710
1506,4914
1507,4914
1508,6873
1509,6830
1510,7120
1511,6588
1512,6763
1513,4431
1514,4397
1515,7342
1516,7376
1517,7179
1518,7156
1519,7549
1520,4828
1521,4138
1522,6577
1523,6972
1524,6671
1525,6885
1526,5881
1527,4417
1528,3962
1529,6316
1530,6096
1531,6049
1532,6832
1533,6397
1534,4207
1535,4348
1536,6176
1537,6565
1538,6506
1539,6296
1540,5874
1541,4607
1542,4201
1543,7166
1544,6018
1545,6137
1546,5983
1547,5254
1548,4025
1549,4505
1550,6298
1551,6241
1552,6074
1553,6031
1554,5780
1555,4342
1556,3855
1557,5903
1558,6280
1559,5830
1560,5821
1561,5716
1562,3908
1563,3917
1564,5875
1565,5172
1566,6105
1567,5940
1568,5014
1569,3580
1570,3265
1571,5856
1572,5624
1573,5902
1574,5842
1575,5516
1576,4176
1577,3802
1578,6115
1579,5964
1580,7301
1581,7918
1582,5923
1583,4479
1584,3850
1585,6569
1586,6419
1587,5879
1588,6189
1589,5727
1590,4500
1591,4426
1592,6753
1593,6214
1594,6265
1595,5735
1596,6192
1597,5090
1598,4528
1599,6165
1600,6463
1601,6528
1602,5874
1603,5546
1604,3882
1605,4585
1606,4817
1607,7074
1608,6330
1609,6033
1610,6399
1611,4697
1612,4629
1613,6377
1614,6304
1615,6382
1616,5941
1617,5964
1618,4725
1619,4492
1620,6829
1621,6891
1622,6283
1623,6087
1624,6429
1625,4868
1626,4909
1627,7050
1628,6851
1629,7039
1630,6570
1631,6439
1632,5112
1633,4554
1634,6543
1635,7189
1636,6441
1637,6662
1638,6348
1639,4697
1640,4454
1641,6455
1642,6554
1643,6742
1644,6382
1645,3440
1646,4559
1647,4268
1648,6825
1649,6982
1650,7544
1651,6683
1652,6085
1653,4456
1654,3986
1655,6614
1656,7103
1657,6779
1658,6388
1659,6024
1660,4405
1661,4241
1662,6467
1663,6215
1664,6045
1665,6083
1666,5818
1667,4569
1668,4134
1669,6557
1670,6050
1671,5901
1672,5624
1673,5475
1674,4217
1675,3947
1676,5224
1677,6401
1678,6034
1679,5895
1680,6059
1681,4399
1682,4160
1683,6223
1684,5732
1685,6247
1686,5540
1687,5278
1688,4683
1689,3977
1690,5953
1691,6184
1692,5959
1693,5499
1694,5045
1695,4610
1696,4250
1697,5806
1698,5962
1699,5518
1700,5765
1701,5199
1702,4088
1703,3948
1704,3974
1705,6416
1706,5991
1707,6394
1708,5964
1709,4499
1710,3978
1711,6249
1712,5657
1713,5751
1714,5686
1715,5415
1716,3756
1717,3542
1718,5617
1719,5930
1720,6244
1721,5923
1722,5659
1723,4664
1724,4095
1725,6042
1726,5765
1727,5845
1728,4716
1729,5425
1730,4663
1731,3930
1732,6408
1733,5565
1734,5829
1735,5621
1736,5387
1737,4159
1738,4103
1739,6186
1740,5996
1741,5840
1742,5457
1743,5345
1744,4072
1745,4072
1746,4079
1747,5862
1748,5719
1749,5759
1750,5551
1751,4262
1752,4687
1753,7903
1754,6224
1755,6106
1756,7318
1757,6402
1758,4772
1759,4231
1760,6704
1761,6240
1762,5704
1763,6712
1764,6472
1765,5684
1766,6380
1767,7702
1768,5326
1769,6026
1770,6057
1771,6296
1772,5445
1773,4256
1774,6644
1775,4823
1776,5927
1777,7190
1778,7193
1779,5970
1780,5149
1781,7172
1782,9076
1783,9044
1784,7131
1785,7085
1786,4912
1787,4047
1788,6089
1789,5430
1790,5501
1791,3583
1792,5246
1793,4630
1794,4210
1795,6835
1796,6954
1797,6222
1798,6666
1799,6033
1800,4320
1801,4938
1802,8129
1803,8913
1804,6967
1805,6460
1806,6430
1807,4814
1808,4131
1809,6299
1810,6136
1811,5937
1812,6035
1813,5559
1814,4555
1815,4162
1816,6248
1817,4955
1818,4222
1819,2953
1820,4097
1821,3519
1822,3699
1823,6692
1824,6314
1825,5235
1826,4186
1827,5309
1828,4172
1829,3875
1830,7032
1831,7567
1832,8966
1833,11330
1834,8014
1835,6050
1836,5329
1837,6525
1838,6857
1839,6102
1840,5430
1841,5860
1842,5154
1843,4494
1844,4926
1845,6371
1846,6896
1847,6477
1848,6323
1849,4714
1850,4175
1851,6011
1852,4894
1853,7471
1854,6803
1855,5975
1856,6422
1857,4879
1858,6934
1859,9124
1860,8106
1861,7187
1862,7357
1863,5025
1864,4808
1865,6716
1866,6437
1867,6430
1868,6355
1869,7485
1870,5306
1871,6162
1872,10371
1873,8267
1874,7264
1875,7681
1876,9215
1877,6348
1878,5801
1879,8620
1880,8823
1881,7750
1882,7514
1883,6769
1884,5512
1885,4822
1886,7047
1887,7376
1888,7665
1889,6433
1890,7273
1891,5514
1892,4944
1893,7660
1894,8018
1895,8109
1896,8187
1897,7033
1898,5304
1899,5197
1900,7709
1901,7437
1902,7948
1903,7414
1904,6615
1905,4982
1906,4605
1907,7454
1908,7018
1909,6691
1910,6696
1911,6957
1912,4842
1913,4557
1914,7178
1915,7137
1916,6890
1917,6548
1918,5659
1919,4543
1920,3860
1921,6758
1922,6906
1923,7014
1924,6673
1925,5979
1926,4619
1927,4411
1928,6591
1929,6679
1930,6745
1931,6495
1932,6434
1933,5273
1934,4669
1935,7245
1936,6919
1937,6808
1938,7279
1939,6795
1940,5062
1941,4601
1942,6946
1943,6833
1944,7012
1945,6440
1946,6406
1947,4639
1948,5083
1949,7056
1950,7124
1951,6822
1952,6837
1953,6298
1954,5147
1955,5235
1956,7263
1957,7263
1958,6408
1959,6672
1960,6201
1961,4633
1962,4857
1963,6812
1964,6852
1965,6805
1966,6298
1967,5591
1968,4698
1969,4720
1970,5002
1971,7339
1972,6937
1973,7158
1974,6684
1975,5562
1976,5223
1977,7572
1978,6776
1979,7055
1980,6554
1981,6183
1982,5526
1983,5287
1984,7041
1985,6976
1986,7084
1987,6993
1988,6989
1989,5628
1990,5187
1991,7939
1992,7816
1993,7278
1994,6712
1995,6727
1996,5147
1997,5152
1998,7620
1999,7552
2000,8018
2001,7400
2002,6692
2003,4603
2004,5127
2005,8164
2006,7277
2007,7614
2008,6310
2009,4800
2010,4364
2011,4643
2012,6902
2013,7049
2014,7082
2015,6539
2016,6213
2017,5058
2018,4990
2019,7391
2020,7111
2021,7337
2022,7027
2023,6215
2024,5124
2025,5116
2026,8122
2027,7527
2028,6946
2029,7024
2030,6126
2031,5198
2032,4460
2033,7311
2034,6688
2035,7115
2036,6968
2037,6619
2038,5123
2039,4881
2040,6962
2041,7212
2042,7228
2043,6687
2044,6409
2045,5113
2046,4753
2047,7029
2048,6262
2049,6558
2050,6471
2051,6065
2052,4935
2053,4600
2054,6574
2055,7164
2056,7022
2057,6322
2058,6178
2059,4990
2060,4761
2061,6560
2062,6728
2063,6340
2064,6355
2065,6015
2066,5406
2067,4496
2068,6810
2069,7782
2070,6611
2071,6176
2072,6201
2073,4937
2074,5147
2075,4915
2076,7092
2077,6845
2078,6669
2079,6664
2080,4889
2081,4626
2082,6657
2083,6515
2084,6749
2085,6753
2086,6474
2087,5520
2088,4773
2089,7102
2090,6587
2091,6528
2092,6309
2093,5994
2094,5334
2095,4909
2096,6598
2097,6210
2098,6932
2099,6206
2100,6864
2101,7291
2102,5562
2103,7113
2104,6462
2105,6917
2106,6576
2107,6017
2108,4670
2109,4606
2110,4919
2111,7264
2112,6350
2113,6524
2114,6757
2115,6346
2116,7315
2117,9752
2118,7427
2119,6785
2120,6304
2121,6391
2122,5965
2123,4653
2124,7455
2125,7334
2126,6707
2127,6515
2128,6412
2129,5473
2130,4604
2131,6610
2132,5937
2133,6395
2134,6408
2135,6403
2136,5038
2137,4723
2138,7544
2139,6200
2140,4646
2141,5542
2142,9933
2143,6261
2144,5207
2145,6970
2146,7560
2147,7262
2148,6373
2149,6870
2150,5563
2151,5313
2152,8541
2153,7808
2154,6182
2155,3647
2156,4541
2157,4169
2158,4763
2159,7860
2160,6830
2161,6590
2162,7008
2163,6791
2164,5166
2165,4755
2166,7195
2167,6646
2168,6492
2169,6071
2170,5890
2171,5040
2172,4267
2173,6422
2174,6419
2175,6319
2176,5830
2177,5968
2178,5912
2179,4879
2180,6557
2181,5415
2182,5323
2183,4569
2184,3243
2185,3374
2186,3882
2187,6658
2188,6697
2189,6335
2190,4741
2191,4315
2192,4569
2193,4806
2194,8988
2195,12035
2196,8429
2197,7151
2198,6522
2199,5036
2200,4893
2201,7912
2202,7548
2203,8583
2204,7742
2205,6075
2206,4410
2207,4445
2208,6308
2209,10376
2210,7781
2211,7451
2212,9085
2213,5202
2214,4517
2215,8127
2216,8444
2217,8093
2218,6609
2219,6353
2220,5035
2221,4634
2222,6285
2223,6551
2224,6400
2225,6727
2226,6145
2227,4882
2228,4696
2229,6401
2230,6831
2231,6894
2232,7276
2233,8810
2234,7597
2235,9920
2236,8731
2237,9208
2238,7543
2239,7206
2240,6966
2241,5226
2242,4557
2243,7178
2244,6925
2245,7489
2246,7739
2247,7305
2248,5402
2249,4692
2250,6845
2251,6767
2252,6871
2253,7105
2254,6194
2255,5342
2256,4607
2257,6769
2258,7092
2259,6854
2260,6919
2261,7025
2262,5217
2263,4740
2264,7104
2265,7134
2266,6797
2267,7198
2268,6624
2269,5482
2270,5060
2271,6500
2272,6911
2273,6938
2274,6526
2275,5632
2276,5141
2277,4616
2278,6004
2279,7730
2280,7322
2281,6747
2282,6454
2283,5289
2284,6305
2285,6987
2286,7567
2287,6909
2288,6329
2289,6640
2290,4963
2291,4750
2292,6718
2293,6577
2294,6553
2295,6596
2296,6580
2297,5168
2298,5050
2299,6810
2300,6876
2301,6525
2302,6129
2303,6804
2304,5040
2305,4804
2306,6636
2307,6299
2308,6320
2309,6395
2310,6474
2311,5559
2312,4713
2313,6941
2314,7328
2315,6792
2316,6913
2317,6738
2318,6989
2319,4826
2320,7610
2321,6800
2322,7134
2323,6991
2324,6358
2325,5694
2326,4965
2327,7152
2328,6722
2329,6722
2330,6757
2331,7237
2332,5626
2333,5422
2334,7320
2335,6975
2336,7468
2337,7375
2338,6674
2339,5539
2340,5443
2341,4889
2342,8280
2343,7580
2344,7231
2345,6684
2346,5848
2347,5001
2348,7946
2349,7479
2350,6833
2351,7062
2352,7120
2353,6089
2354,5414
2355,7319
2356,7791
2357,7736
2358,6996
2359,7015
2360,6281
2361,6343
2362,7823
2363,7630
2364,7323
2365,7309
2366,7020
2367,5999
2368,5697
2369,7392
2370,7557
2371,8070
2372,6936
2373,6362
2374,5316
2375,5737
2376,5080
2377,7627
2378,7340
2379,7080
2380,6343
2381,5383
2382,5351
2383,7581
2384,7336
2385,7130
2386,7251
2387,7299
2388,5460
2389,5533
2390,7905
2391,7750
2392,6968
2393,7101
2394,6917
2395,5371
2396,5189
2397,8040
2398,8025
2399,7015
2400,7069
2401,6858
2402,5291
2403,4796
2404,7478
2405,7367
2406,7142
2407,6772
2408,6637
2409,5518
2410,5498
2411,7229
2412,7141
2413,6599
2414,6913
2415,6842
2416,5739
2417,5596
2418,7727
2419,7120
2420,7085
2421,6840
2422,6549
2423,5405
2424,4621
2425,7150
2426,6979
2427,6555
2428,6551
2429,5776
2430,5268
2431,5113
2432,7231
2433,6883
2434,6889
2435,6333
2436,6210
2437,5691
2438,5291
2439,4763
2440,7144
2441,6921
2442,7310
2443,6923
2444,5666
2445,5453
2446,7048
2447,6997
2448,6804
2449,7088
2450,6591
2451,5799
2452,5214
2453,5821
2454,7325
2455,7606
2456,6995
2457,6321
2458,5422
2459,5211
2460,6515
2461,6653
2462,6448
2463,6149
2464,5668
2465,5199
2466,4756
2467,6280
2468,6048
2469,6543
2470,6519
2471,6132
2472,5042
2473,4323
2474,5645
2475,7841
2476,6380
2477,6658
2478,6971
2479,5228
2480,4563
2481,7608
2482,7036
2483,6278
2484,5962
2485,6430
2486,5898
2487,5968
2488,7852
2489,9008
2490,9004
2491,8052
2492,7185
2493,5980
2494,5419
2495,7555
2496,7351
2497,7056
2498,6705
2499,6573
2500,5606
2501,3412
2502,8698
2503,5399
2504,5530
2505,6464
2506,5835
2507,5935
2508,4517
2509,7031
2510,7226
2511,7022
2512,6765
2513,6649
2514,5409
2515,6249
2516,9484
2517,8207
2518,6323
2519,4049
2520,5126
2521,4616
2522,4476
2523,7090
2524,7141
2525,7079
2526,7312
2527,7199
2528,5724
2529,5527
2530,7243
2531,7497
2532,7418
2533,6935
2534,8046
2535,6403
2536,5986
2537,7205
2538,7357
2539,7212
2540,9296
2541,9659
2542,6067
2543,5358
2544,7842
2545,8119
2546,7171
2547,6364
2548,5562
2549,3974
2550,3584
2551,4172
2552,6249
2553,6903
2554,6327
2555,6075
2556,4227
2557,4289
2558,4261
2559,7076
2560,7254
2561,7632
2562,6483
2563,5777
2564,6626
2565,9859
2566,8859
2567,6760
2568,6911
2569,6754
2570,5518
2571,4823
2572,5855
2573,6935
2574,6844
2575,7420
2576,6433
2577,5321
2578,5141
2579,7977
2580,8138
2581,7817
2582,6969
2583,7093
2584,5901
2585,5136
2586,7321
2587,7144
2588,7613
2589,7024
2590,6701
2591,5457
2592,4900
2593,7113
2594,6681
2595,6617
2596,5870
2597,7998
2598,5511
2599,5028
2600,7917
2601,6783
2602,7272
2603,7323
2604,6740
2605,5257
2606,4972
2607,5198
2608,7193
2609,6753
2610,6753
2611,6622
2612,5123
2613,5085
2614,7064
2615,6628
2616,6090
2617,7384
2618,7171
2619,6177
2620,5991
2621,7093
2622,6452
2623,6684
2624,6038
2625,6263
2626,5654
2627,5705
2628,7488
2629,5425
2630,10600
2631,9461
2632,7285
2633,5217
2634,5210
2635,7336
2636,7104
2637,7183
2638,5777
2639,6443
2640,5359
2641,4943
2642,7243
2643,6995
2644,6777
2645,6892
2646,6744
2647,5420
2648,5438
2649,7871
2650,7438
2651,7322
2652,7014
2653,6855
2654,5334
2655,5024
2656,7638
2657,7373
2658,6976
2659,6488
2660,5799
2661,4934
2662,5373
2663,7156
2664,6696
2665,7296
2666,6976
2667,6710
2668,5586
2669,5428
2670,7460
2671,6642
2672,7351
2673,6599
2674,7469
2675,6837
2676,5765
2677,7475
2678,7540
2679,7142
2680,7192
2681,7924
2682,5616
2683,5489
2684,7958
2685,7492
2686,7161
2687,7274
2688,6876
2689,5247
2690,5202
2691,7849
2692,7588
2693,7887
2694,7519
2695,7313
2696,5524
2697,5560
2698,6850
2699,7576
2700,7293
2701,6349
2702,4866
2703,6674
2704,6140
2705,4569
2706,7457
2707,7562
2708,7366
2709,7488
2710,6875
2711,6686
2712,7313
2713,6622
2714,7039
2715,7274
2716,7247
2717,6784
2718,6389
2719,8193
2720,8616
2721,7972
2722,7591
2723,6982
2724,6160
2725,6706
2726,8362
2727,7645
2728,7860
2729,7672
2730,6797
2731,6393
2732,6467
2733,8029
2734,7622
2735,7538
2736,7654
2737,6912
2738,5294
2739,5444
2740,6693
2741,5410
2742,7848
2743,7396
2744,7260
2745,5624
2746,6222
2747,7936
2748,6819
2749,8174
2750,6940
2751,6332
2752,5988
2753,6008
2754,7843
2755,6791
2756,8066
2757,7717
2758,7257
2759,5656
2760,5089
2761,7534
2762,7558
2763,7228
2764,7467
2765,6806
2766,6093
2767,6535
2768,7287
2769,6978
2770,6838
2771,6961
2772,6670
2773,5658
2774,5755
2775,6833
2776,6567
2777,7812
2778,7158
2779,6711
2780,5469
2781,5632
2782,7539
2783,6657
2784,6939
2785,7231
2786,6574
2787,5485
2788,5666
2789,7035
2790,6787
2791,6903
2792,6741
2793,6404
2794,5840
2795,5816
2796,6916
2797,6154
2798,7102
2799,6931
2800,6557
2801,4938
2802,5186
2803,5919
2804,7703
2805,6880
2806,7658
2807,7793
2808,6461
2809,5831
2810,7822
2811,7748
2812,7288
2813,7522
2814,7743
2815,6415
2816,5913
2817,7803
2818,7434
2819,7296
2820,6965
2821,7206
2822,6231
2823,5676
2824,7863
2825,8039
2826,7755
2827,7512
2828,7568
2829,5647
2830,5755
2831,7836
2832,7677
2833,7942
2834,6746
2835,6981
2836,5799
2837,4950
2838,5034
2839,7898
2840,7639
2841,6887
2842,7158
2843,5989
2844,5626
2845,7508
2846,8324
2847,7349
2848,7460
2849,7384
2850,6136
2851,5526
2852,7874
2853,7658
2854,7253
2855,7627
2856,7847
2857,6627
2858,5949
2859,9316
2860,8933
2861,8705
2862,7871
2863,7536
2864,6580
2865,5466
2866,7687
2867,8070
2868,8739
2869,8664
2870,8234
2871,7747
2872,6239
2873,8163
2874,8677
2875,8033
2876,7875
2877,7962
2878,5853
2879,5560
2880,8106
2881,7280
2882,6143
2883,4205
2884,5470
2885,4947
2886,5266
2887,7706
2888,7880
2889,7517
2890,7823
2891,7247
2892,5816
2893,5221
2894,7628
2895,7459
2896,7624
2897,8006
2898,7733
2899,5495
2900,5142
2901,7573
2902,7664
2903,9080
2904,8023
2905,8015
2906,6532
2907,5630
2908,7606
2909,7413
2910,6901
2911,7069
2912,6106
2913,4370
2914,4051
2915,4183
2916,8212
2917,8565
2918,11051
2919,9984
2920,6867
2921,6221
2922,9328
2923,11569
2924,9614
2925,7918
2926,11279
2927,10713
2928,9620
2929,11128
2930,9595
2931,8455
2932,7920
2933,8019
2934,6467
2935,6566
2936,7560
2937,8848
2938,8155
2939,8416
2940,7980
2941,5860
2942,5496
2943,8267
2944,7767
2945,7749
2946,8072
2947,7617
2948,5832
2949,5191
2950,7864
2951,7567
2952,7845
2953,7663
2954,7685
2955,6231
2956,5107
2957,7496
2958,7973
2959,7378
2960,7832
2961,7202
2962,6234
2963,5305
2964,7718
2965,7843
2966,6931
2967,7201
2968,6671
2969,5353
2970,4663
2971,5498
2972,7976
2973,7460
2974,7026
2975,6957
2976,5682
2977,5432
2978,7977
2979,7803
2980,7938
2981,7388
2982,8933
2983,7272
2984,6162
2985,8632
2986,7764
2987,7476
2988,8071
2989,7562
2990,5668
2991,5310
2992,8178
2993,7310
2994,8231
2995,7942
2996,7823
2997,5943
2998,5703
2999,8257
3000,7748
3001,6145
3002,7653
3003,6980
3004,5546
3005,5864
3006,8215
3007,8113
3008,7535
3009,7215
3010,6384
3011,5738
3012,4769
3013,7066
3014,7275
3015,7447
3016,7475
3017,6622
3018,5709
3019,5363
3020,7944
3021,7765
3022,7278
3023,7243
3024,7829
3025,6264
3026,5828
3027,9736
3028,7857
3029,7981
3030,7529
3031,6968
3032,5753
3033,5833
3034,8236
3035,7863
3036,7513
3037,7933
3038,6983
3039,5931
3040,6038
3041,8044
3042,8369
3043,8386
3044,8334
3045,7993
3046,6486
3047,5955
3048,8157
3049,7903
3050,7845
3051,7600
3052,7835
3053,5733
3054,4983
3055,7839
3056,8095
3057,7860
3058,8321
3059,7512
3060,5556
3061,6489
3062,8510
3063,7857
3064,8472
3065,8604
3066,8053
3067,6274
3068,5018
3069,5987
3070,9123
3071,8372
3072,8283
3073,7814
3074,6560
3075,5931
3076,8528
3077,8772
3078,8377
3079,8415
3080,8496
3081,6975
3082,6342
3083,8530
3084,8875
3085,8215
3086,8574
3087,7617
3088,7071
3089,7200
3090,8606
3091,8962
3092,8440
3093,8286
3094,7671
3095,6755
3096,6718
3097,8878
3098,8528
3099,7743
3100,8002
3101,7641
3102,6619
3103,6513
3104,8563
3105,7844
3106,6261
3107,8994
3108,7802
3109,6646
3110,6494
3111,8226
3112,8363
3113,7970
3114,8575
3115,7978
3116,6461
3117,5946
3118,8798
3119,8168
3120,8806
3121,8458
3122,7685
3123,5720
3124,5902
3125,8785
3126,8504
3127,7818
3128,8351
3129,7695
3130,6530
3131,6753
3132,8892
3133,8542
3134,9558
3135,7909
3136,7813
3137,6113
3138,6119
3139,9007
3140,8605
3141,8725
3142,8191
3143,8128
3144,5790
3145,6027
3146,8308
3147,8151
3148,8571
3149,8118
3150,7691
3151,5970
3152,5683
3153,8457
3154,8160
3155,7675
3156,7898
3157,7734
3158,6649
3159,6442
3160,8442
3161,8331
3162,8894
3163,8253
3164,7283
3165,5628
3166,6111
3167,6008
3168,8564
3169,8338
3170,9037
3171,8462
3172,6330
3173,4993
3174,7349
3175,8228
3176,8643
3177,9082
3178,9155
3179,7070
3180,6694
3181,8524
3182,8336
3183,7947
3184,8321
3185,8206
3186,6684
3187,6428
3188,7981
3189,7645
3190,8928
3191,8238
3192,8279
3193,6968
3194,6939
3195,8562
3196,8226
3197,8054
3198,7977
3199,7697
3200,6086
3201,6261
3202,6599
3203,8593
3204,8642
3205,8234
3206,8230
3207,6622
3208,6668
3209,8987
3210,10289
3211,10136
3212,10461
3213,8791
3214,6363
3215,6895
3216,10066
3217,8820
3218,9017
3219,8675
3220,8470
3221,6594
3222,6152
3223,8693
3224,8479
3225,8237
3226,7673
3227,7096
3228,5898
3229,5744
3230,7717
3231,6778
3232,8043
3233,8253
3234,7551
3235,6575
3236,5945
3237,6853
3238,8842
3239,9064
3240,9982
3241,10713
3242,6885
3243,6127
3244,8414
3245,7933
3246,7610
3247,5738
3248,7870
3249,5856
3250,6094
3251,8919
3252,9009
3253,9042
3254,8456
3255,7959
3256,6103
3257,5776
3258,8375
3259,8449
3260,8845
3261,7923
3262,8001
3263,6491
3264,6080
3265,8768
3266,8462
3267,7835
3268,7678
3269,7027
3270,5605
3271,5681
3272,8278
3273,8227
3274,7966
3275,7082
3276,8140
3277,5418
3278,4757
3279,5374
3280,3910
3281,6503
3282,7102
3283,6999
3284,5223
3285,5176
3286,6335
3287,5065
3288,8100
3289,7816
3290,7680
3291,5161
3292,5359
3293,8586
3294,7869
3295,7941
3296,7263
3297,9181
3298,6650
3299,5108
3300,10377
3301,8569
3302,8132
3303,8378
3304,6717
3305,5293
3306,5562
3307,11504
3308,11189
3309,8359
3310,7675
3311,8007
3312,6430
3313,5784
3314,8364
3315,8144
3316,9139
3317,11511
3318,9430
3319,7263
3320,5890
3321,8139
3322,8027
3323,8156
3324,7599
3325,7296
3326,6127
3327,5864
3328,7887
3329,7426
3330,7568
3331,7275
3332,7220
3333,5447
3334,5268
3335,5730
3336,8280
3337,7298
3338,7397
3339,7113
3340,5602
3341,5519
3342,9198
3343,8727
3344,8087
3345,7596
3346,6932
3347,5369
3348,5154
3349,7511
3350,8099
3351,8234
3352,8270
3353,7315
3354,5823
3355,5633
3356,8236
3357,7775
3358,8002
3359,7704
3360,7482
3361,5914
3362,5754
3363,8117
3364,8150
3365,8022
3366,7399
3367,7760
3368,6209
3369,5756
3370,8390
3371,8143
3372,8224
3373,7720
3374,7578
3375,6222
3376,5702
3377,8457
3378,8014
3379,7922
3380,7890
3381,7147
3382,6113
3383,6289
3384,8551
3385,8337
3386,7460
3387,7990
3388,7238
3389,6988
3390,6635
3391,8475
3392,8304
3393,8196
3394,7584
3395,6672
3396,5552
3397,5357
3398,7624
3399,7570
3400,8279
3401,6907
3402,6945
3403,6403
3404,6413
3405,8730
3406,8619
3407,8230
3408,8060
3409,8112
3410,6250
3411,5457
3412,8668
3413,8476
3414,8381
3415,8032
3416,7919
3417,6886
3418,5637
3419,8557
3420,8162
3421,8572
3422,8414
3423,8482
3424,7499
3425,7521
3426,9206
3427,8898
3428,8833
3429,8309
3430,8379
3431,6069
3432,6661
3433,7757
3434,8948
3435,8382
3436,8277
3437,9010
3438,8133
3439,7406
3440,9870
3441,9126
3442,8640
3443,8894
3444,9553
3445,8099
3446,7418
3447,7855
3448,8885
3449,8276
3450,7773
3451,8717
3452,7818
3453,7880
3454,9266
3455,8316
3456,8340
3457,8499
3458,9501
3459,8146
3460,8182
3461,9446
3462,9606
3463,9463
3464,9296
3465,3679
3466,4387
3467,5774
3468,6142
3469,4261
3470,4043
3471,4739
3472,4674
3473,3500
3474,4091
3475,4177
3476,4484
3477,3983
3478,3480
3479,4250
3480,4350
3481,4271
3482,4222
3483,4369
3484,3883
3485,4449
3486,4145
3487,4084
3488,3695
3489,3926
3490,4340
3491,4162
3492,4475
3493,4212
3494,4260
3495,4223
3496,4270
3497,4099
3498,3963
3499,5934
3500,6042
3501,5451
3502,4856
3503,5981
3504,6021
3505,5640
3506,5851
3507,5943
3508,5765
3509,5421
3510,5594
3511,5043
3512,5191
3513,5168
3514,5871
3515,5788
3516,5070
3517,6306
3518,5950
3519,5819
3520,5749
3521,6261
3522,6363
3523,6000
3524,5909
3525,6587
3526,5725
3527,5936
3528,5790
3529,5747
3530,6267
3531,5061
3532,6067
3533,6212
3534,6625
3535,5874
3536,6431
3537,6114
3538,6241
3539,6662
3540,6031
3541,6122
3542,6073
3543,6067
3544,5926
3545,6591
3546,6370
3547,5761
3548,6008
3549,6094
3550,6650
3551,6081
3552,6172
3553,5943
3554,5952
3555,5894
3556,6051
3557,5903
3558,5160
3559,5381
3560,5741
3561,5520
3562,5146
3563,5514
3564,5528
3565,4866
3566,5874
3567,5465
3568,5513
3569,5535
3570,5407
3571,5246
3572,5123
3573,4446
3574,5728
3575,5380
3576,7827
3577,7339
3578,6136
3579,5098
3580,6302
3581,5474
3582,5617
3583,5864
3584,6399
3585,5606
3586,5336
3587,6061
3588,6001
3589,5844
3590,5930
3591,7372
3592,6311
3593,6131
3594,6680
3595,6161
3596,6590
3597,6676
3598,7295
3599,6785
3600,5120
3601,4974
3602,6875
3603,7724
3604,6764
3605,5682
3606,5457
3607,5247
3608,6118
3609,5865
3610,5886
3611,5746
3612,5347
3613,5183
3614,4624
3615,5815
3616,5787
3617,5114
3618,3899
3619,4681
3620,4821
3621,4882
3622,6104
3623,5834
3624,5629
3625,5766
3626,5496
3627,5106
3628,4999
3629,6176
3630,5941
3631,5472
3632,6364
3633,5303
3634,5064
3635,5118
3636,6388
3637,6227
3638,6021
3639,7353
3640,6582
3641,5364
3642,4521
3643,5248
3644,4388
3645,3647
3646,4595
3647,4860
3648,4241
3649,4152
3650,5474
3651,5073
3652,4442
3653,6378
3654,5629
3655,4591
3656,4680
3657,6034
3658,5755
3659,5667
3660,6401
3661,5793
3662,5114
3663,4767
3664,5846
3665,5689
3666,5458
3667,5675
3668,6360
3669,5340
3670,4124
3671,5046
3672,6542
3673,5691
3674,5719
3675,5216
3676,4986
3677,4456
3678,5212
3679,5520
3680,5485
3681,5761
3682,5382
3683,4652
3684,4206
3685,5613
3686,5384
3687,5392
3688,5115
3689,5595
3690,4916
3691,4591
3692,5331
3693,5209
3694,5403
3695,5157
3696,5359
3697,5734
3698,4525
3699,4422
3700,5281
3701,5348
3702,5421
3703,5313
3704,4576
3705,4668
3706,5510
3707,5467
3708,4918
3709,5605
3710,5782
3711,4845
3712,4662
3713,5219
3714,5542
3715,5597
3716,6308
3717,5594
3718,5229
3719,4886
3720,6475
3721,6092
3722,6479
3723,5881
3724,5718
3725,5206
3726,4719
3727,5542
3728,5949
3729,5424
3730,5143
3731,5088
3732,4745
3733,3908
3734,4345
3735,4554
3736,4393
3737,4188
3738,4567
3739,3466
3740,3344
3741,4900
3742,4524
3743,4579
3744,4770
3745,4202
3746,4045
3747,3939
3748,4932
3749,4963
3750,4482
3751,4659
3752,4599
3753,4417
3754,4744
3755,5033
3756,5319
3757,4621
3758,4846
3759,4709
3760,3767
3761,5257
3762,5086
3763,5123
3764,4996
3765,4928
3766,4739
3767,5794
3768,3858
3769,4453
3770,5653
3771,4757
3772,4799
3773,6566
3774,7589
3775,7287
3776,6272
3777,6665
3778,4986
3779,5720
3780,4939
3781,4435
3782,5384
3783,5724
3784,6146
3785,5835
3786,6320
3787,8424
3788,8553
3789,6623
3790,6327
3791,7110
3792,6087
3793,6266
3794,6702
3795,5233
3796,8080
3797,8343
3798,7985
3799,7580
3800,6556
3801,6988
3802,7843
3803,7088
3804,5718
3805,5468
3806,5813
3807,6383
3808,5414
3809,6626
3810,8083
3811,8251
3812,7292
3813,7172
3814,6259
3815,8134
3816,9338
3817,9642
3818,8699
3819,9418
3820,10140
3821,9894
3822,11151
3823,15098
3824,14965
3825,11738
3826,10278
3827,9730
3828,10158
3829,11108
3830,12074
3831,12899
3832,10519
3833,10404
3834,8417
3835,9127
3836,8938
3837,15365
3838,16014
3839,8535
3840,7573
3841,7504
3842,8009
3843,7979
3844,8316
3845,9703
3846,7646
3847,8246
3848,7864
3849,8371
3850,8481
3851,8378
3852,9220
3853,8947
3854,8255
3855,8339
3856,8842
3857,8833
3858,9677
3859,9540
3860,8764
3861,7985
3862,7860
3863,7439
3864,8678
3865,11590
3866,9908
3867,8512
3868,23314
3869,18305
3870,12043
3871,9677
3872,11790
3873,12057
3874,10993
3875,10200
3876,9139
3877,8655
3878,8740
3879,10571
3880,8072
3881,8829
3882,8161
3883,7627
3884,8003
3885,8597
3886,8911
3887,9730
3888,8501
3889,7767
3890,7716
3891,7811
3892,7959
3893,7971
3894,9465
3895,9081
3896,7629
3897,7631
3898,7932
3899,8750
3900,8581
3901,9364
3902,9122
3903,7894
3904,7955
3905,7653
3906,8883
3907,9501
3908,10405
3909,8871
3910,8036
3911,8136
3912,9872
3913,9166
3914,9393
3915,8464
3916,8482
3917,6928
3918,7821
3919,8244
3920,8579
3921,9287
3922,8499
3923,7391
3924,6974
3925,7606
3926,8258
3927,9127
3928,8656
3929,8663
3930,8169
3931,7877
3932,7091
3933,7357
3934,7999
3935,9095
3936,8194
3937,5179
3938,6718
3939,7805
3940,7538
3941,6857
3942,7933
3943,7554
3944,7754
3945,7425
3946,7382
3947,7583
3948,8098
3949,7622
3950,7224
3951,7668
3952,7406
3953,6931
3954,7160
3955,8075
3956,8054
3957,7603
3958,7976
3959,6589
3960,6931
3961,7182
3962,7542
3963,7093
3964,7569
3965,7312
3966,7090
3967,5303
3968,6016
3969,6668
3970,7113
3971,6824
3972,8098
3973,7305
3974,8347
3975,7344
3976,7446
3977,7169
3978,6021
3979,7158
3980,6812
3981,6061
3982,4808
3983,5930
3984,6037
3985,5727
3986,6944
3987,6784
3988,7819
3989,7317
3990,6897
3991,5961
3992,6192
3993,7934
3994,7479
3995,7145
3996,7617
3997,7311
3998,6316
3999,6129
4000,6531
4001,6873
4002,7518
4003,6956
4004,7868
4005,7220
4006,6345
4007,6562
4008,5859
4009,5545
4010,5059
4011,4709
4012,5775
4013,5581
4014,7211
4015,6593
4016,6554
4017,5828
4018,4952
4019,5229
4020,4761
4021,6746
4022,7103
4023,6691
4024,7073
4025,6613
4026,6132
4027,5655
4028,7033
4029,6658
4030,6412
4031,6558
4032,6181
4033,5719
4034,5277
4035,5516
4036,7900
4037,6351
4038,6761
4039,6294
4040,6017
4041,6586
4042,7305
4043,6219
4044,5763
4045,7009
4046,8939
4047,7628
4048,6720
4049,6304
4050,6570
4051,8068
4052,7259
4053,6681
4054,6180
4055,5365
4056,7539
4057,6945
4058,6338
4059,6124
4060,6286
4061,5780
4062,5086
4063,5128
4064,6627
4065,201
